index,token
0,<unk>
1,<s>
4,
5,
6,
7,
8,
9,
10,
11,
17,
18,
19,
20,
21,
22,
23,
24,
25,
26,
27,
28,
29,
30,
36,!
37,""""
38,#
39,$
40,%
41,&
42,'
43,(
44,)
45,*
46,+
47,","
48,-
49,.
50,/
51,0
52,1
53,2
54,3
55,4
56,5
57,6
58,7
59,8
60,9
61,:
62,;
63,<
64,=
65,>
66,?
67,@
68,A
69,B
70,C
71,D
72,E
73,F
74,G
75,H
76,I
77,J
78,K
79,L
80,M
81,N
82,O
83,P
84,Q
85,R
86,S
87,T
88,U
89,V
90,W
91,X
92,Y
93,Z
94,[
95,\
96,]
97,^
98,_
99,`
100,a
101,b
102,c
103,d
104,e
105,f
106,g
107,h
108,i
109,j
110,k
111,l
112,m
113,n
114,o
115,p
116,q
117,r
118,s
119,t
120,u
121,v
122,w
123,x
124,y
125,z
126,{
127,|
128,}
129,~
130,
131,�
132,�
133,�
135,�
136,�
137,�
138,�
140,�
141,�
143,�
144,�
149,�
150,�
151,�
152,�
154,�
155,�
156,�
157,�
158,�
161,�
162,�
164,�
166,�
168,�
169,�
170,�
173,�
174,�
175,�
177,�
180,�
181,�
182,�
183,�
184,�
185,�
186,�
187,�
188,�
189,�
190,�
191,�
192,�
193,�
194,�
195,�
196,�
197,�
198,�
215,�
216,�
217,�
219,�
220,�
221,�
222,�
224,�
227,�
230,�
237,�
242,�
243,�
246,�
247,�
248,�
249,�
250,�
251,�
252,�
253,�
254,�
255,�
256,�
257,�
258,�
304,and
327,=
340,de
342,|
354,for
395,with
414,\
432,com
443,}
464,'
486,by
611,"."""
647,"',"
648,+
649,в
684,about
697,ations
703,но
714,:
787,_{
857,('
862,","""
901,comm
914,то
918,!
942,д
953,=>
1001,co
1024,after
1041,""");"
1051,по
1076,again
1090,));
1096,because
1110,"?"""
1137,}\
1143,)
1170,br
1225,да
1264,""":"
1266,rivate
1273,bel
1283,!=
1284,ouse
1301,ethod
1315,say
1355,""">"
1401,around
1410,['
1413,using
1421,']
1444,between
1481,')
1508,://
1518,ccess
1542,})
1544,cle
1550,?
1570,_{\
1592,].
1619,ко
1624,includ
1657,());
1679,next
1692,ве
1695,го
1753,away
1761,);
1766,·
1775,';
1815,.'
1854,since
1869,':
1896,Br
1903,де
1938,during
1960,commun
1970,thing
1996,until
2055,lot
2077,ні
2081,side
2084,ме
2142,",\"
2207,');
2267,along
2296,following
2310,се
2313,се
2322,)$
2327,once
2337,};
2353,же
2368,doesn
2381,}^
2421,times
2427,}_
2442,element
2473,ograph
2481,olean
2506,cou
2527,ро
2549,tings
2551,toget
2553,together
2568,=\
2658,~\
2673,across
2681,)\
2683,при
2720,"""/>"
2723,wasn
2731,='
2776,});
2790,ка
2801,_\
2802,об
2813,ів
2824,imp
2850,ере
2870,makes
2926,lished
2937,та
2940,due
2974,.)
3006,comb
3018,„
3029,",'"
3041,}^{
3073,++)
3078,conc
3137,-\
3145,}_{
3157,isn
3174,)
3180,($
3184,пре
3193,->
3299,ці
3311,){
3333,ironment
3350,wurde
3372,",”"
3426,}
3431,esc
3460,)}
3475,‘
3481,couldn
3498,});
3545,however
3548,"""),"
3584,ago
3624,below
3634,гра
3678,бы
3697,де
3725,?'
3752,.*
3759,]);
3767,+\
3774,longer
3775,inition
3791,works
3814,forward
3845,ма
3846,то
3847,)(
3850,...
3852,compl
4048,wouldn
4055,ме
4097,ensive
4135,'.
4145,""")."
4213,via
4237,*}
4329,efore
4330,()->
4394,?:
4420,();
4446,тель
4473,ées
4532,').
4557,је
4570,xFF
4619,sizeof
4640,че
4651,atever
4668,exactly
4697,enced
4709,]
4753,)]
4771,according
4793,för
4802,repl
4825,":"""
4829,"'),"
4859,goes
4861,till
4873,пу
4886,iger
4887,ст
4942,вер
4948,"""))"
4965,throws
4978,пере
4984,})
5003,thous
5012,continu
5032,format
5065,infty
5070,"}$,"
5083,towards
5090,directly
5093,|\
5124,}$.
5193,ные
5205,сько
5268,más
5294,си
5341,"""));"
5378,гу
5380,onto
5384,maint
5405,aren
5448,"""\"
5468,cdot
5473,throughout
5486,ш
5488,.
5493,${\
5521,году
5539,numer
5568,"\,"
5640,notice
5647,ник
5658,ров
5659,wants
5669,ков
5779,Ко
5781,».
5787,ча
5796,",_"
5807,"'],"
5828,"""></"
5829,ман
5846,tag
5910,.$
5936,['
5991,ции
6008,под
6033,ц
6078,"','"
6085,compar
6089,ент
6171,ос
6185,anging
6198,}_{\
6199,eless
6223,"),"
6271,agre
6278,сво
6279,"»,"
6286,для
6307,зу
6344,remain
6361,кон
6386,пра
6397,{}
6430,ър
6432,ulated
6470,calls
6550,">,"
6564,""")]"
6589,ми
6627,agment
6706,)=
6724,unicip
6743,__(
6783,lui
6816,"—"""
6844,}).
6851,"`,"
6853,?>
6910,př
6913,""");"
6951,rightarrow
6952,)->
6978,пред
6986,що
6994,"}),"
6996,"(""%"
7036,iliar
7045,coffee
7055,acional
7094,ació
7100,>();
7101,emb
7143,пра
7216,ści
7218,")),"
7239,)$.
7283,'./
7288,approxim
7298,joined
7327,ità
7328,йо
7346,entially
7351,кс
7361,іль
7390,ды
7445,”.
7460,ба
7463,ho
7486,istrict
7521,нг
7531,volume
7534,wird
7574,)));
7593,был
7608,*/
7642,£
7659,лся
7667,",-"
7704,"=""../"
7706,"""},"
7726,пер
7802,allel
7830,ком
7849,ões
7864,мі
7889,""""","
7897,einen
7919,"""%"
7923,roke
7927,")$,"
7950,cro
7981,)^
8032,гра
8039,colon
8080,.~\
8089,.}
8100,'))
8130,constr
8140,…
8153,пе
8210,:%
8219,ге
8230,:
8257,ин
8262,ITION
8263,!\
8272,('
8276,_->
8312,"""`"
8320,________
8367,ometimes
8372,cm
8379,thro
8414,vide
8425,\]
8485,___
8496,вет
8511,;\
8517,так
8540,ком
8567,!--
8576,ён
8589,дру
8600,как
8603,ién
8614,вре
8617,turns
8647,що
8660,twice
8698,)).
8699,}>
8738,déc
8739,ých
8747,nonumber
8749,Ме
8757,'])
8767,}-
8787,",,"
8794,otimes
8797,()));
8843,би
8846,'\
8849,ности
8865,лов
8869,shouldn
8873,!'
8883,"""],"
8907,бе
8934,"__,"
8973,ор
8991,=$
9017,=%
9031,wurden
9032,лав
9042,ление
9047,"=\"""
9069,чи
9079,()).
9080,.**
9151,"*),"
9153,'];
9155,uding
9223,&\
9229,anymore
9252,impl
9320,.__
9330,ском
9333,его
9334,шо
9340,})$
9350,"”,"
9355,роз
9412,}}{
9453,(_
9484,springframework
9518,_{
9529,ncia
9572,)-
9620,'\
9631,->_
9641,лей
9670,>:
9699,cción
9706,Again
9721,ßen
9765,"=""../../"
9794,durante
9823,*/
9836,allowing
9842,''
9859,()))
9878,simpl
9891,гру
9933,"(""/"
9934,copyright
9939,тур
9941,:\
9965,[];
9969,}+
9997,ку
10050,}</
10075,кра
10085,depending
10095,)**
10105,ць
10120,ського
10128,jako
10140,хо
10142,Го
10164,Пре
10182,('.
10205,behavi
10217,гі
10225,>;
10266,которы
10278,"',"
10292,^{
10329,Се
10348,któ
10352,continues
10358,icture
10378,То
10379,ський
10400,ин
10404,nos
10406,ostał
10444,после
10448,prze
10457,('#
10476,или
10489,arters
10512,frastr
10528,)+
10538,implements
10546,-=
10549,""":"""
10564,że
10584,?”
10592,"(""\"
10620,пі
10622,">("""
10640,он
10645,ющи
10647,")"","
10729,\|
10741,uous
10765,pgfqpoint
10797,también
10804,при
10815,('/
10825,)^{
10841,ную
10857,\%
10890,пер
10900,)</
10908,)[
10910,ición
10927,"."");"
10941,));
11015,коман
11030,?.
11043,;&
11058,Но
11075,графи
11077,chunk
11082,"(""#"
11113,фор
11134,ъл
11148,)=\
11160,DITION
11162,raham
11163,три
11167,ityEngine
11171,"""./"
11204,vary
11230,Plus
11241,}=\
11266,>\
11280,agraph
11290,}:
11292,краї
11298,sowie
11310,rés
11333,">"""
11345,име
11370,pgfpath
11379,]->
11423,:</
11443,ської
11446,_;
11501,"]),"
11505,).
11524,rical
11525,""""
11526,%)
11543,Бе
11544,){\
11662,moves
11687,пера
11688,)}\
11695,]\
11718,elijke
11720,Де
11779,"\"""
11789,"]],"
11797,cdots
11808,}^\
11824,При
11840,)?
11859,рас
11868,]=
11873,\{
11880,""";"
11887,arrang
11894,пар
11896,widehat
11922,]))
11930,.=
11954,ональ
11972,})\
11981,facing
11986,gence
11996,$)
12004,ją
12012,{'
12015,bra
12054,ktet
12073,стан
12087,udad
12109,ін
12112,Не
12119,Про
12129,нови
12152,ają
12159,")"""
12175,†
12179,candidates
12193,);
12211,hence
12225,}_\
12251,ября
12252,'#
12267,вання
12281,состав
12288,ansas
12293,ographic
12300,-\
12301,нию
12331,&\
12362,)|
12400,км
12402,СР
12405,тре
12447,ńsk
12454,пла
12480,"}\,"
12498,также
12504,}`
12534,przez
12540,'%
12548,ös
12550,territor
12599,partir
12619,*).
12639,ícul
12643,més
12645,släktet
12660,бор
12672,likes
12682,"{},"
12683,pgfpathlineto
12697,ías
12729,<'
12744,Rights
12755,beskrevs
12756,ней
12757,ност
12770,рай
12775,фа
12788,aggress
12789,——
12861,blev
12872,underarter
12873,pués
12885,**)
12890,ität
12898,ionale
12900,}}(
12904,kter
12919,\'
12923,iences
12929,гла
12935,Ге
12941,'));
12946,вер
12955,tober
12968,цент
12970,>)
12972,Га
13006,"""'"
13007,".',"
13019,лекс
13025,}^{(
13042,ниц
13049,$(\
13085,}\\
13124,лия
13137,ється
13183,novembre
13206,га
13210,%.
13212,avait
13216,>{
13226,нен
13228,Bronnen
13235,'';
13240,inois
13273,жду
13284,ribed
13285,'../
13291,alongside
13381,]+
13400,_);
13417,également
13418,ктив
13427,мар
13435,анд
13442,Senate
13462,Ар
13492,implemented
13493,время
13504,CTL
13544,Korea
13553,enschaft
13554,році
13578,"""+"
13582,}+\
13601,]['
13604,>::
13622,ulating
13633,adds
13664,ду
13666,Мар
13667,*
13698,были
13717,siècle
13732,*;
13791,contre
13815,dieser
13861,partie
13864,Би
13874,'>
13900,?_
13902,>.
13906,раль
13920,ließ
13928,__);
13939,фор
13948,",$"
13955,Could
13964,acknowled
13969,scored
13981,ными
14015,ът
14030,representing
14038,}-\
14039,={{
14048,\_
14052,Jahrhund
14067,'.
14080,)_
14081,vens
14089,nbsp
14094,скла
14117,>'
14126,като
14137,ию
14144,нием
14186,'=>
14208,сле
14222,кола
14236,roupe
14237,ulpt
14243,:'
14255,adelph
14274,лин
14280,!)
14291,FFER
14303,'].
14340,}}_
14365,други
14379,!=
14395,acles
14398,веде
14420,];
14429,polít
14439,".),"
14449,serves
14472,bably
14479,_)
14491,'}
14503,"'"""
14512,осо
14569,!”
14588,""");"
14606,(!(
14619,)
14626,]<
14639,werken
14661,depuis
14674,]$
14682,including
14688,\|
14700,separated
14752,dopo
14756,/**
14771,“.
14780,"_"""
14784,ографи
14793,іс
14801,plaatst
14810,")},"
14863,ynom
14881,части
14896,горо
14914,Gets
14934,ährend
14935,зь
14973,области
14980,""">"
14981,тин
15009,?)
15023,'$
15056,());
15066,talks
15101,IMPORT
15119,окру
15122,тал
15143,як
15191,-$
15192,"."""
15201,últ
15212,******/
15246,"',"
15253,cleared
15254,"""]."
15277,enschapp
15278,ются
15304,"“,"
15326,ін
15339,вест
15353,?>
15357,цу
15372,xspace
15388,бур
15389,kennis
15391,"}),"
15397,три
15449,ersten
15452,ût
15454,méd
15489,$}
15500,itempty
15508,joining
15514,converted
15520,свя
15522,iembre
15528,анг
15532,"=""#"
15546,lleg
15563,:*
15566,onical
15568,aña
15581,achuset
15604,рио
15606,efter
15610,ними
15614,__)
15616,ким
15618,ativa
15620,лее
15630,odigd
15641,uitgen
15649,uitgenodigd
15652,voegen
15667,breaks
15672,→
15693,roce
15695,bewerken
15708,klikken
15738,Geplaatst
15739,beginnetje
15741,Ха
15745,.).
15757,después
15758,​
15811,челове
15815,цион
15840,<>();
15855,през
15865,essere
15875,Garden
15877,"\,\"
15880,>:]<
15902,дере
15907,без
15918,resentation
15936,рак
15942,concerning
15947,BPACK
15977,най
15994,ших
16016,)}$
16018,dés
16036,"%,"
16041,"'},"
16069,]*
16076,}\
16125,}}_{
16132,lugar
16154,jedoch
16162,посе
16184,hogy
16187,bourne
16189,Ди
16201,спе
16211,;</
16213,ówn
16219,redirect
16233,encer
16247,ге
16266,transferred
16294,"=""<?"
16314,'_
16317,premium
16331,sighed
16333,чки
16360,между
16370,ници
16381,...)
16389,льта
16394,йо
16427,fulfill
16433,']))
16466,ган
16473,+\
16498,"."""""""
16503,мерикан
16524,WEBPACK
16527,ША
16550,*:
16553,"""+"
16588,etwa
16591,ktion
16602,amment
16608,ники
16613,CLUD
16621,~$
16622,hiding
16629,тако
16634,CLUDING
16646,"""\"
16663,;/
16669,лем
16673,коро
16680,цій
16681,börd
16690,Вели
16746,Кар
16747,судар
16763,'-
16772,:%.*
16801,ând
16848,"(""["
16849,illon
16850,--;
16871,телей
16877,nowhere
16884,SED
16909,wetenschapp
16938,мени
16943,');
16949,""")"
16954,Кон
16960,resulted
16971,sorts
17000,лий
17006,\}$
17009,иг
17011,HasColumn
17021,>';
17072,кри
17080,ihre
17137,клу
17180,ában
17185,ublice
17188,публи
17191,коло
17200,тер
17205,",*"
17216,"""—"
17263,ція
17279,uvud
17282,ис
17324,ationToken
17342,seinem
17357,"\"":"
17358,conflic
17362,.*;
17395,"""}"
17420,voted
17429,$|
17430,обо
17438,кар
17446,|\
17480,мет
17481,&=&
17489,два
17515,бра
17525,wider
17526,тели
17541,_{{\
17591,também
17592,}^{-
17595,мор
17610,",&"
17633,ellt
17671,'_
17674,зульта
17695,"},"
17713,"/"""
17748,âte
17759,После
17779,gepublice
17784,juin
17804,мини
17810,ским
17811,gepubliceerd
17817,тех
17825,ché
17840,вин
17847,/*!
17848,prize
17888,indicating
17906,"’,"
17921,льно
17927,]).
17951,leurs
17988,=\
18006,представ
18022,promot
18027,PRINT
18035,März
18058,англ
18073,"""])"
18086,’.
18095,вих
18128,cod
18134,simultaneously
18150,того
18157,($\
18168,ография
18170,Ин
18203,сред
18216,gra
18265,пар
18335,Пе
18363,рал
18364,')->
18391,wohner
18394,üss
18395,було
18406,diffé
18431,ész
18437,{'
18439,posite
18458,juillet
18482,fueron
18488,soit
18490,")"");"
18526,.’
18533,дво
18556,обще
18591,'):
18599,septembre
18660,'+
18661,объ
18664,мент
18678,пос
18699,становника
18706,(['
18708,ські
18755,вели
18766,]
18800,\}
18814,ген
18829,bitro
18840,iejsc
18849,%%%%%%%%
18850,мат
18855,mús
18870,ningen
18876,органи
18878,циаль
18889,оста
18919,ände
18927,ederbörd
18937,ри
18954,CPP
18961,чемпи
18967,utdown
18981,лект
18988,тем
18992,ição
19004,translated
19008,*\
19011,*>(
19043,encias
19080,роб
19088,geldig
19097,пов
19107,pgfset
19130,ною
19138,нів
19141,ült
19143,(†
19145,осіб
19174,):
19180,России
19193,!_
19195,ження
19210,гу
19228,"!("""
19233,erste
19248,NdEx
19250,/******/
19261,ueto
19266,familia
19272,afterwards
19291,вклю
19295,huvud
19330,avril
19341,nouveau
19344,décembre
19349,ческой
19351,ictions
19353,thé
19359,зом
19374,юще
19437,uetooth
19448,др
19450,дж
19467,ihn
19493,pentru
19505,віт
19507,xFC
19519,коли
19539,ха
19563,??
19567,бро
19593,">""."
19613,'.$
19616,asticsearch
19619,oples
19620,ència
19621,вто
19628,inian
19647,iterr
19671,шко
19676,который
19686,doub
19746,:_
19753,бре
19797,prises
19799,ських
19840,/)
19847,setminus
19868,зем
19881,XFF
19887,Tokyo
19907,déf
19908,"),\"
19945,бере
19957,чного
19981,améric
19990,составля
19994,/*!
20018,">"","
20022,нал
20035,част
20077,нан
20081,"=""/"
20085,через
20086,isecond
20089,)}(
20110,².
20112,{$\
20120,"–,"
20146,Groß
20160,">"";"
20182,'</
20192,notamment
20198,?></
20224,--(
20227,plac
20234,cido
20237,'')
20250,ellschaft
20253,repeatedly
20259,ENOMEM
20263,""")"
20292,перио
20298,acions
20299,""":"
20305,государ
20313,replacing
20358,):
20363,asets
20385,бро
20402,août
20411,][<
20418,/**
20431,)_{
20444,designated
20462,аль
20488,мей
20541,….
20555,tremend
20560,)--
20561,havia
20567,hpp
20568,]));
20578,рин
20594,abril
20597,ienen
20604,endl
20606,ują
20607,ісля
20614,""""")"
20624,ништво
20652,"""];"
20656,район
20664,ieden
20678,ческих
20692,"},"
20717,скую
20720,дея
20735,")',"
20781,eran
20786,",("
20790,(«
20804,apest
20836,augment
20863,",,,,"
20885,während
20908,Вер
20911,коно
20916,adora
20951,ności
20957,ником
20959,результа
20960,}}(\
20964,ши
20971,inale
20980,sends
21021,"""):"
21035,taient
21037,bereits
21038,ním
21051,унк
21054,дель
21057,.(
21065,mét
21074,ття
21075,oenix
21077,ną
21084,äft
21089,[...
21093,('./
21094,теле
21104,"\"">"
21105,durant
21149,__.
21151,ailand
21152,пода
21156,[{
21168,распо
21195,тельно
21201,ök
21206,станови
21212,Suppose
21226,dévelop
21236,"'"""
21237,ками
21244,'*
21247,кни
21265,oine
21269,глав
21284,ља
21306,рован
21308,}}^
21312,::_
21314,более
21322,embod
21323,сом
21328,eerste
21340,къ
21350,пів
21358,час
21371,++]
21421,('\
21439,бург
21445,Пет
21454,филь
21531,igent
21577,[])
21587,öst
21592,чер
21595,сон
21609,систе
21622,.~(\
21630,Après
21634,гре
21636,стратив
21639,анг
21641,érieur
21645,ória
21663,емы
21675,hacia
21686,"=""{{"
21693,În
21697,ческого
21719,miejsc
21723,право
21756,diesem
21761,Seit
21767,ása
21770,міс
21771,shaller
21784,"(""<"
21791,американ
21807,дома
21818,профе
21826,рого
21871,дека
21888,…]
21889,globe
21897,пов
21914,{})
21946,",\,"
21954,пен
21958,orent
21999,}))
22053,""""");"
22084,>{@
22110,approx
22129,pread
22151,ців
22165,że
22186,')
22191,commented
22200,jours
22217,rès
22220,нва
22224,України
22283,сент
22290,llev
22291,_*
22298,}$-
22307,miejsce
22308,руд
22319,"."";"
22342,ächst
22350,насеље
22364,två
22373,'$
22375,czę
22382,'(
22405,aveva
22427,adapted
22436,änger
22452,suoi
22454,acies
22468,`${
22490,irteen
22505,)}}
22518,рои
22522,péri
22530,iores
22534,ieur
22556,чат
22566,iveau
22623,лли
22625,département
22643,DCHECK
22653,человек
22680,jego
22681,ческий
22688,кар
22743,)&
22744,Об
22753,_(
22758,iliation
22768,±
22774,před
22783,}}^{
22789,quelques
22797,вър
22800,hä
22803,.^{[
22807,населення
22816,)^{-
22820,etection
22821,льного
22845,}({\
22847,omsnitt
22873,UBLE
22886,Plus
22917,……
22929,који
22931,){
22966,icies
22979,anzös
22992,nä
22998,glow
23012,})$.
23013,"=""-"
23022,)^{\
23031,населения
23032,...</
23045,)}{\
23053,дву
23054,лко
23067,лина
23070,byla
23073,$).
23079,elcome
23084,foram
23092,dessen
23112,бі
23115,")\,"
23125,devient
23136,побе
23139,};
23145,бри
23156,чин
23161,Бер
23219,érc
23224,ья
23242,апре
23264,”
23265,{}{
23269,**_
23270,ByComparator
23279,лів
23290,він
23300,Евро
23335,ualmente
23351,keiten
23352,ради
23362,giornata
23367,elő
23376,около
23385,++){
23399,bef
23424,iciones
23431,"("","
23476,ква
23480,нение
23486,"),"
23510,aunque
23520,Ду
23522,música
23527,)\\
23543,Че
23557,Hamiltonian
23563,пло
23569,преде
23588,слі
23594,sWith
23596,$^{-
23663,uese
23667,єю
23703,оне
23706,ан
23720,ního
23722,först
23761,accompanying
23762,/_
23772,"]"","
23797,мира
23825,ében
23838,районе
23839,пан
23840,ició
23853,représent
23854,]{\
23865,fighter
23876,еред
23882,мор
23911,>?
23913,comprend
23922,+'
23930,"}',"
23942,(!$
23944,señ
23949,anys
23958,secondo
23962,-%
23975,ючи
23987,разви
23993,нения
24007,backs
24019,дол
24033,.“
24063,acyj
24065,которые
24070,fün
24075,odot
24078,nineteenth
24079,"**"""
24080,maggio
24087,èrent
24109,ibile
24126,olan
24129,conflicts
24135,)--(
24156,ehemal
24202,organisations
24206,^{+
24226,країн
24229,нали
24235,"=""$"
24238,ionato
24240,!*
24244,"-,"
24245,gł
24262,'=>'
24265,èle
24279,$-
24285,соста
24299,їв
24319,~$\
24325,ców
24371,}).
24375,ISD
24379,рус
24394,sburg
24399,ège
24406,>@
24407,тран
24409,чних
24410,дви
24416,ссий
24426,ąz
24440,раз
24455,мента
24458,ческие
24461,ihren
24462,раб
24481,mån
24482,keley
24490,unächst
24498,::$
24503,неско
24506,нії
24548,яв
24574,ství
24576,äude
24579,ż
24620,вої
24621,diamond
24627,œur
24635,"""]["""
24638,дри
24651,войны
24655,[_
24662,rezent
24672,Гу
24735,актив
24736,ској
24748,secolo
24751,"(""-"
24770,)):
24787,><?
24801,>%
24827,май
24836,Fußball
24864,settembre
24869,französ
24882,erano
24889,опера
24891,террито
24908,weitere
24909,)?;
24912,$;
24972,ńst
24973,зон
24978,’
24982,osz
24984,"}"")"
24996,)'
25000,istrzost
25007,travelling
25014,кор
25039,нами
25046,гла
25053,"__["""
25066,erfolg
25070,истори
25071,них
25074,Пра
25077,rieben
25094,сбор
25133,"}}$,"
25140,який
25147,principale
25166,ственной
25185,__(
25197,ließlich
25224,февра
25226,{})
25230,IsNull
25254,мб
25260,""">&"
25272,"...,"
25283,deren
25292,endorse
25316,ги
25328,begann
25351,__(/*!
25353,äsident
25354,послед
25357,cció
25362,}}$.
25396,време
25409,ählt
25414,ównie
25415,/'
25431,пр
25442,giugno
25452,ának
25453,хра
25471,+\_\
25474,рії
25485,accordingly
25486,fő
25506,↘
25509,porte
25543,pshire
25574,"/,"
25578,шин
25581,renamed
25582,ються
25585,§
25589,свои
25603,комп
25612,дон
25615,Все
25622,ifa
25640,-*-
25648,qué
25662,jours
25678,архи
25686,congr
25701,Бра
25706,cosystem
25717,także
25731,}{(
25744,"})$,"
25766,óz
25769,jeho
25780,benfalls
25783,continuously
25793,auge
25800,()}
25803,сентября
25809,iches
25811,ský
25818,eous
25827,ския
25833,>?[<
25839,мест
25843,личи
25878,)$-
25881,nécess
25886,)+\
25900,iNdEx
25906,egründ
25912,шения
25919,dicembre
25920,`)
25951,\{\
25954,jsou
25955,<?>
25968,}));
25975,Населення
25983,membr
25996,deutschen
26029,чество
26042,fortunate
26051,$~
26053,)((
26062,gek
26069,января
26070,;}
26083,//
26087,ölker
26095,urious
26107,--)
26109,"""><?"
26111,=$(
26124,reste
26133,attributed
26156,годах
26161,">',"
26163,icism
26165,pode
26170,вано
26183,lington
26186,фран
26217,ancellationToken
26235,тру
26267,Мі
26287,призна
26289,èse
26292,emperaturen
26308,$|\
26317,декабря
26320,które
26321,гор
26332,министратив
26333,même
26338,)-\
26342,була
26347,этого
26352,спубли
26360,ському
26363,También
26368,ensuite
26379,фо
26382,\+\_\
26387,/:
26392,});
26403,%;
26407,};
26408,".""_"
26428,_-
26460,listop
26461,">"")"
26466,гом
26477,zunächst
26487,рая
26491,immense
26528,}{
26531,рок
26553,mq
26556,ennen
26565,INCLUDING
26574,ependant
26582,апреля
26583,'[
26585,)}_{
26598,часть
26601,développ
26612,impse
26636,});
26651,rôle
26657,:}
26690,"$(""#"
26695,"{}"","
26701,ków
26718,eltemperaturen
26721,raises
26726,работа
26734,Bin
26758,"}\,\"
26773,".'"""
26778,gewann
26785,вича
26787,деятель
26795,avelength
26810,кро
26811,*«
26814,notice
26831,febbra
26841,ên
26854,política
26856,:{
26897,Так
26906,":"","
26915,época
26921,diciembre
26931,={()
26932,=*/
26939,invån
26958,голо
26964,engono
26972,місце
26978,\|_{
26993,partido
27010,umbing
27021,участ
27045,"*"""
27062,тів
27071,duplicate
27075,íses
27108,налази
27136,oubtedly
27137,ложен
27142,рами
27144,també
27146,телем
27148,.');
27152,crops
27156,(“
27158,invånare
27189,ało
27204,}})
27214,ђе
27215,décl
27216,область
27217,рович
27250,située
27251,ноября
27257,"""?"
27265,SDValue
27276,})}
27288,commanded
27293,вме
27315,<>(
27320,ział
27326,Didn
27327,gomery
27346,-)
27349,*)&
27353,onden
27354,"'"","
27356,olymp
27364,)>
27372,шение
27374,ecosystem
27380,чёт
27386,вший
27391,icional
27403,furono
27411,тами
27420,vod
27432,månaden
27446,INCLUDING
27452,нут
27456,:%.*]]
27463,tyard
27485,ército
27496,олові
27517,"$),"
27520,peint
27521,”)
27527,anked
27534,(__
27549,"$(""#"
27561,$:
27581,/#
27592,ász
27593,пор
27596,cluded
27608,",."
27614,igua
27618,película
27635,ост
27637,usize
27646,мом
27653,составе
27662,')).
27682,\-
27683,мира
27705,}}}\
27732,'
27745,=_
27747,тах
27796,denen
27807,две
27832,ště
27836,ebenfalls
27841,äck
27844,перед
27851,ціональ
27862,getOperand
27875,[`
27890,')
27894,amely
27900,destac
27916,Marcatori
27920,————
27924,*>
27935,реки
27942,ське
27953,особи
27998,вать
28010,può
28012,inement
28019,нар
28027,altre
28029,наль
28037,$_{
28065,även
28078,ancora
28106,öffentlicht
28120,souvent
28122,mű
28124,случа
28144,"=""${"
28165,меда
28171,]);
28180,ři
28189,кономи
28194,Bren
28205,успе
28216,пей
28222,gegründ
28240,февраля
28259,bbing
28264,depicted
28266,офи
28290,""")));"
28309,={'
28314,Jahrhunderts
28317,коми
28335,занима
28359,"=""_"
28361,"("""");"
28368,arqu
28370,пара
28373,nederbörd
28392,сторо
28398,деревня
28401,ције
28412,циона
28424,]])
28428,tät
28442,пі
28451,confidential
28481,ancies
28490,ство
28511,}$)
28527,incluy
28533,сем
28537,ández
28542,"$,"
28546,période
28561,області
28562,ит
28563,саве
28565,ając
28573,abile
28587,afterward
28593,pgfscope
28596,cél
28601,remot
28632,chunks
28638,xffff
28653,той
28656,anderem
28657,honom
28659,".""]"
28666,vagy
28676,ialis
28682,`);
28685,""","""
28690,",\,\"
28697,useppe
28703,_**
28742,'
28756,\
28766,|
28778,н
28785,р
28786,т
28795,к
28799,д
28803,м
28807,п
28809,’
28810,г
28812,з
28838,”
28859,Н
28874,О
28878,…
28887,„
28894,‘
28917,њ
28918,љ
28922,£
28932,†
28933,ل
28935,​
28938,′
28941,²
28954,م
28955,ن
28959,″
28967,ت
28983,ب
28986,№
29004,ه
29008,س
29023,±
29038,§
29061,下
29068,
29078,を
29083,ش
29090,═
29097,ˈ
29104,َ
29115,ق
29130,ک
29156,ج
29165,ი
29167,ร
29168,★
29171,ك
29178,น
29185,）
29191,
29203,³
29207,‎
29208,
29210,ز
29229,关
29230,で
29232,ा
29240,ː
29272,
29296,่
29300,्
29313,序
29320,此
29327,删
29331,
29360,ţ
29372,ա
29373,ม
29388,أ
29391,条
29406,县
29407,ს
29421,ِ
29431,்
29434,送
29439,
29441,放
29443,公
29447,บ
29449,რ
29452,金
29461,گ
29483,پ
29488,ด
29489,⠀
29494,】
29495,长
29496,া
29498,ѝ
29506,【
29515,误
29525,›
29530,好
29535,物
29540,न
29546,ค
29554,ि
29558,‐
29560,ี
29567,ต
29568,ิ
29577,」
29583,으
29586,े
29595,ʻ
29611,‌
29617,ლ
29623,ض
29627,ო
29629,მ
29636,
29646,র
29655,ْ
29659,Κ
29660,增
29662,¶
29667,ậ
29672,म
29680,南
29686,্
29687,우
29688,ն
29694,‑
29701,ნ
29702,ր
29704,ბ
29709,给
29716,⁠
29720,排
29732,្
29735,ी
29745,两
29754,ّ
29759,ल
29791,ـ
29792,
29801,་
29804,͡
29809,
29811,ন
29814,😉
29815,辑
29818,产
29823,체
29826,ľ
29830,ვ
29837,ո
29846,ʼ
29847,ា
29849,ե
29851,ช
29852,详
29853,แ
29857,ি
29867,¾
29878,დ
29891,̀
29893,개
29902,≥
29903,ุ
29904,些
29908,ợ
29910,ể
29912,ּ
29914,ে
29917,白
29918,账
29920,江
29923,์
29934,⣿
29935,ի
29951,უ
29953,თ
29965,及
29966,Ν
29968,ث
29981,ு
29982,ক
29983,ி
29985,😭
29988,≈
29997,ָ
30003,ो
30008,ื
30009,秒
30025,ớ
30028,》
30030,频
30032,ำ
30034,ु
30049,ầ
30051,ュ
30053,‡
30062,车
30066,چ
30073,▌
30078,ន
30084,🏻
30096,ใ
30111,很
30113,無
30114,ប
30117,书
30119,ტ
30124,،
30143,河
30172,宝
30175,ַ
30178,때
30187,跳
30190,ủ
30208,ក
30218,გ
30225,ִ
30229,络
30234,স
30247,်
30251,ட
30264,ម
30273,ѕ
30283,强
30291,ւ
30294,ল
30298,
30306,ხ
30314,
30317,ʔ
30319,ম
30340,ө
30343,
30365,য
30368,ர
30376,房
30377,青
30381,প
30384,绑
30389,ử
30391,환
30393,ত
30394,Θ
30404,龙
30406,್
30408,ু
30413,⌁
30415,禁
30416,ผ
30418,島
30419,ா
30420,♭
30433,¸
30439,것
30440,八
30447,让
30457,션
30460,ត
30470,简
30474,
30476,կ
30477,
30480,湖
30483,ハ
30487,ļ
30489,滤
30492,ὶ
30494,╝
30497,็
30506,ս
30517,
30521,տ
30527,掉
30528,Ρ
30529,ἀ
30540,კ
30541,̯
30543,▬
30545,ピ
30546,๏
30547,暂
30558,🏼
30561,ノ
30565,Ò
30567,∼
30569,մ
30576,ை
30578,까
30579,ট
30580,曲
30582,钱
30587,‬
30592,連
30598,奖
30600,ֹ
30602,ケ
30604,际
30613,ガ
30616,ல
30624,
30628,╗
30630,ქ
30636,ˌ
30654,ⴰ
30668,决
30677,ẩ
30681,ặ
30686,ổ
30687,ய
30688,汉
30691,്
30692,じ
30695,ں
30698,
30699,過
30701,▪
30706,╚
30712,钥
30713,증
30714,ỉ
30721,
30725,ฟ
30731,爱
30735,币
30737,哈
30743,ً
30751,∈
30759,
30762,ಿ
30765,ង
30769,软
30773,း
30780,ֶ
30783,関
30784,吉
30797,ゴ
30802,ὸ
30808,̥
30811,础
30813,︙
30815,番
30818,ো
30821,帧
30827,ṅ
30834,լ
30845,ិ
30847,ʷ
30853,ာ
30862,ზ
30863,╔
30865,్
30870,দ
30880,ფ
30881,対
30884,┬
30885,抽
30890,់
30903,敗
30905,♯
30907,վ
30912,吧
30921,
30924,
30929,᥀
30930,吗
30934,ச
30942,져
30944,荐
30950,ै
30954,↩
30956,̪
30957,ू
30963,
30964,ល
30973,ទ
30974,込
30983,ڕ
30987,ု
30990,়
30991,ც
30996,ས
30997,扫
30998,‒
31000,ң
31004,්
31006,派
31007,🏽
31015,ី
31023,ғ
31026,ಾ
31028,ゃ
31030,ץ
31032,ច
31034,ภ
31035,ག
31038,
31039,ׁ
31050,び
31052,ھ
31061,ុ
31066,ನ
31074,ɴ
31083,ᴛ
31084,蓝
31090,갑
31093,ᴀ
31095,ٰ
31100,យ
31101,ḫ
31102,ῆ
31107,̶
31114,ژ
31117,쪽
31127,另
31129,
31130,‭
31135,ษ
31138,與
31140,－
31141,һ
31143,ು
31148,べ
31151,।
31152,ေ
31153,ᴏ
31158,က
31162,ོ
31169,』
31172,┆
31175,┐
31176,『
31181,．
31186,帮
31190,ర
31196,ព
31207,བ
31208,😳
31211,ึ
31212,⁣
31215,↵
31216,⅓
31218,မ
31220,জ
31223,梅
31226,န
31227,ి
31234,ヤ
31235,ὰ
31238,ដ
31244,천
31245,হ
31250,백
31251,ំ
31252,ۆ
31254,গ
31255,佳
31260,极
31262,및
31265,昌
31270,길
31274,ひ
31275,শ
31280,強
31282,ా
31284,င
31285,튼
31287,ყ
31289,ք
31290,ા
31292,또
31293,բ
31295,節
31297,आ
31298,办
31305,գ
31314,량
31317,ⵉ
31321,ိ
31330,숫
31334,판
31335,ు
31338,ฉ
31342,ই
31343,岛
31344,դ
31348,ฐ
31355,ි
31357,ұ
31367,됩
31369,嘉
31375,ི
31378,հ
31383,ฆ
31388,ড
31389,乘
31393,ந
31394,ើ
31396,េ
31399,됨
31400,勝
31403,宋
31406,ী
31412,វ
31421,ೆ
31427,ર
31436,암
31441,ូ
31443,ⵏ
31444,扣
31452,ပ
31454,拖
31455,좌
31462,끝
31465,贵
31468,ಕ
31469,ӏ
31476,창
31483,硬
31484,잘
31486,્
31487,න
31489,ڈ
31491,￼
31496,আ
31502,թ
31505,ད
31509,擇
31510,🥰
31525,😄
31526,ി
31527,ჩ
31531,চ
31532,ර
31535,₱
31536,纳
31538,农
31541,🏾
31543,ជ
31548,ం
31550,넣
31551,💕
31558,ང
31559,⇔
31561,ུ
31565,ղ
31574,😏
31584,抛
31598,₄
31603,״
31606,མ
31608,련
31609,़
31610,ṯ
31611,ക
31616,າ
31624,တ
31626,借
31627,ා
31639,谢
31641,ே
31645,≯
31648,ಲ
31651,̆
31652,┘
31657,產
31662,ģ
31663,־
31668,刪
31674,న
31675,ὴ
31679,త
31682,ǧ
31686,崎
31690,😡
31692,ែ
31708,စ
31710,젝
31714,ਾ
31718,며
31723,এ
31728,势
31731,Ӏ
31733,ⵙ
31738,
31746,Ό
31748,ண
31754,😛
31759,﻿
31760,ヘ
31766,魏
31770,逆
31774,ḷ
31775,ದ
31784,ാ
31790,帐
31791,‪
31800,😩
31801,շ
31803,ណ
31808,ရ
31809,₦
31812,吴
31816,🥺
31818,🇸
31822,ἄ
31825,邀
31826,ಯ
31827,爾
31831,므
31832,သ
31836,딩
31837,ે
31838,媒
31843,렬
31847,ན
31848,ల
31849,ತ
31850,拷
31853,⇽
31856,ҳ
31858,ེ
31860,塊
31864,跨
31865,ٔ
31876,난
31877,았
31880,ਰ
31881,պ
31882,ং
31885,컨
31887,ြ
31890,銀
31892,ᴜ
31894,ฌ
31900,অ
31901,ញ
31902,퍼
31904,ນ
31906,✌
31910,ක
31913,ḩ
31922,ⵓ
31924,鲁
31925,‟
31931,ɹ
31932,ҽ
31933,ថ
31937,裝
31938,ම
31943,轩
31946,ન
31949,Ḩ
31955,😤
31956,ោ
31963,ස
31966,ಂ
31968,̧
31975,ٌ
31976,వ
31977,嵌
31979,袁
31985,క
31991,丝
31992,Ħ
31993,ٍ
